timeStamp,elapsed,label,responseCode,responseMessage,threadName,dataType,success,failureMessage,bytes,sentBytes,grpThreads,allThreads,URL,Latency,IdleTime,Connect
1543813505943,169,HTTP Request,200,OK,Users 1-1,text,true,,8191,232,4,4,http://localhost:9292/,24,0,2
1543813505943,24,HTTP Request-0,302,Found,Users 1-1,text,true,,840,118,4,4,http://localhost:9292/cars,24,0,2
1543813505968,144,HTTP Request-1,200,OK,Users 1-1,text,true,,7351,114,4,4,http://localhost:9292/,144,0,0
1543813505996,144,HTTP Request,200,OK,Users 1-2,text,true,,8195,232,4,4,http://localhost:9292/,12,0,0
1543813505996,12,HTTP Request-0,302,Found,Users 1-2,text,true,,842,118,4,4,http://localhost:9292/cars,12,0,0
1543813506008,132,HTTP Request-1,200,OK,Users 1-2,text,true,,7353,114,4,4,http://localhost:9292/,130,0,0
1543813506044,241,HTTP Request,200,OK,Users 1-3,text,true,,8199,232,7,7,http://localhost:9292/,27,0,1
1543813506044,30,HTTP Request-0,302,Found,Users 1-3,text,true,,844,118,7,7,http://localhost:9292/cars,27,0,1
1543813506074,211,HTTP Request-1,200,OK,Users 1-3,text,true,,7355,114,7,7,http://localhost:9292/,206,0,0
1543813506097,282,HTTP Request,200,OK,Users 1-4,text,true,,8191,232,9,9,http://localhost:9292/,38,0,1
1543813506097,41,HTTP Request-0,302,Found,Users 1-4,text,true,,840,118,9,9,http://localhost:9292/cars,38,0,1
1543813506139,240,HTTP Request-1,200,OK,Users 1-4,text,true,,7351,114,9,9,http://localhost:9292/,237,0,0
1543813506120,314,HTTP Request,200,OK,Users 1-1,text,true,,8183,232,10,10,http://localhost:9292/,20,0,0
1543813506120,26,HTTP Request-0,302,Found,Users 1-1,text,true,,836,118,10,10,http://localhost:9292/cars,20,0,0
1543813506146,288,HTTP Request-1,200,OK,Users 1-1,text,true,,7347,114,10,10,http://localhost:9292/,284,0,0
1543813506147,371,HTTP Request,200,OK,Users 1-5,text,true,,8191,232,12,12,http://localhost:9292/,77,0,0
1543813506147,86,HTTP Request-0,302,Found,Users 1-5,text,true,,838,118,12,12,http://localhost:9292/cars,77,0,0
1543813506233,285,HTTP Request-1,200,OK,Users 1-5,text,true,,7353,114,12,12,http://localhost:9292/,274,0,0
1543813506141,379,HTTP Request,200,OK,Users 1-2,text,true,,8191,232,12,12,http://localhost:9292/,103,0,0
1543813506141,114,HTTP Request-0,302,Found,Users 1-2,text,true,,838,118,12,12,http://localhost:9292/cars,103,0,0
1543813506255,265,HTTP Request-1,200,OK,Users 1-2,text,true,,7353,114,12,12,http://localhost:9292/,260,0,0
1543813506197,419,HTTP Request,200,OK,Users 1-6,text,true,,8195,232,14,14,http://localhost:9292/,135,0,1
1543813506197,138,HTTP Request-0,302,Found,Users 1-6,text,true,,838,118,14,14,http://localhost:9292/cars,135,0,1
1543813506335,281,HTTP Request-1,200,OK,Users 1-6,text,true,,7357,114,14,14,http://localhost:9292/,278,0,0
1543813506247,438,HTTP Request,200,OK,Users 1-7,text,true,,8189,232,15,15,http://localhost:9292/,193,0,0
1543813506247,195,HTTP Request-0,302,Found,Users 1-7,text,true,,838,118,15,15,http://localhost:9292/cars,193,0,0
1543813506442,243,HTTP Request-1,200,OK,Users 1-7,text,true,,7351,114,15,15,http://localhost:9292/,239,0,0
1543813506285,462,HTTP Request,200,OK,Users 1-3,text,true,,8185,232,16,16,http://localhost:9292/,206,0,1
1543813506285,213,HTTP Request-0,302,Found,Users 1-3,text,true,,834,118,16,16,http://localhost:9292/cars,206,0,1
1543813506498,249,HTTP Request-1,200,OK,Users 1-3,text,true,,7351,114,16,16,http://localhost:9292/,249,0,0
1543813506297,539,HTTP Request,200,OK,Users 1-8,text,true,,8201,232,18,18,http://localhost:9292/,274,0,1
1543813506297,282,HTTP Request-0,302,Found,Users 1-8,text,true,,852,118,18,18,http://localhost:9292/cars,274,0,1
1543813506579,257,HTTP Request-1,200,OK,Users 1-8,text,true,,7349,114,18,18,http://localhost:9292/,242,0,0
1543813506347,509,HTTP Request,200,OK,Users 1-9,text,true,,8189,232,19,19,http://localhost:9292/,224,0,1
1543813506347,233,HTTP Request-0,302,Found,Users 1-9,text,true,,838,118,19,19,http://localhost:9292/cars,224,0,1
1543813506581,275,HTTP Request-1,200,OK,Users 1-9,text,true,,7351,114,19,19,http://localhost:9292/,273,0,0
1543813506380,568,HTTP Request,200,OK,Users 1-4,text,true,,8193,232,20,20,http://localhost:9292/,303,0,0
1543813506380,304,HTTP Request-0,302,Found,Users 1-4,text,true,,846,118,20,20,http://localhost:9292/cars,303,0,0
1543813506685,263,HTTP Request-1,200,OK,Users 1-4,text,true,,7347,114,20,20,http://localhost:9292/,261,0,0
1543813506399,564,HTTP Request,200,OK,Users 1-10,text,true,,8191,232,20,20,http://localhost:9292/,336,0,0
1543813506399,342,HTTP Request-0,302,Found,Users 1-10,text,true,,844,118,20,20,http://localhost:9292/cars,336,0,0
1543813506741,222,HTTP Request-1,200,OK,Users 1-10,text,true,,7347,114,20,20,http://localhost:9292/,217,0,0
1543813506435,655,HTTP Request,200,OK,Users 1-1,text,true,,8203,232,20,20,http://localhost:9292/,369,0,0
1543813506435,372,HTTP Request-0,302,Found,Users 1-1,text,true,,848,118,20,20,http://localhost:9292/cars,369,0,0
1543813506808,282,HTTP Request-1,200,OK,Users 1-1,text,true,,7355,114,20,20,http://localhost:9292/,268,0,0
1543813506450,755,HTTP Request,200,OK,Users 1-11,text,true,,8195,232,20,20,http://localhost:9292/,438,0,1
1543813506450,441,HTTP Request-0,302,Found,Users 1-11,text,true,,840,118,20,20,http://localhost:9292/cars,438,0,1
1543813506891,314,HTTP Request-1,200,OK,Users 1-11,text,true,,7355,114,20,20,http://localhost:9292/,308,0,0
1543813506500,749,HTTP Request,200,OK,Users 1-12,text,true,,8189,232,20,20,http://localhost:9292/,414,0,0
1543813506500,414,HTTP Request-0,302,Found,Users 1-12,text,true,,844,118,20,20,http://localhost:9292/cars,414,0,0
1543813506915,334,HTTP Request-1,200,OK,Users 1-12,text,true,,7345,114,20,20,http://localhost:9292/,317,0,0
1543813506518,858,HTTP Request,200,OK,Users 1-5,text,true,,8193,232,20,20,http://localhost:9292/,494,0,1
1543813506518,498,HTTP Request-0,302,Found,Users 1-5,text,true,,836,118,20,20,http://localhost:9292/cars,494,0,1
1543813507016,360,HTTP Request-1,200,OK,Users 1-5,text,true,,7357,114,20,20,http://localhost:9292/,358,0,0
1543813506520,881,HTTP Request,200,OK,Users 1-2,text,true,,8187,232,20,20,http://localhost:9292/,497,0,1
1543813506520,499,HTTP Request-0,302,Found,Users 1-2,text,true,,838,118,20,20,http://localhost:9292/cars,497,0,1
1543813507019,382,HTTP Request-1,200,OK,Users 1-2,text,true,,7349,114,20,20,http://localhost:9292/,373,0,0
1543813506550,952,HTTP Request,200,OK,Users 1-13,text,true,,8197,232,20,20,http://localhost:9292/,610,0,1
1543813506550,613,HTTP Request-0,302,Found,Users 1-13,text,true,,846,118,20,20,http://localhost:9292/cars,610,0,1
1543813507163,339,HTTP Request-1,200,OK,Users 1-13,text,true,,7351,114,20,20,http://localhost:9292/,336,0,0
1543813506601,1004,HTTP Request,200,OK,Users 1-14,text,true,,8195,232,20,20,http://localhost:9292/,657,0,0
1543813506601,661,HTTP Request-0,302,Found,Users 1-14,text,true,,844,118,20,20,http://localhost:9292/cars,657,0,0
1543813507262,343,HTTP Request-1,200,OK,Users 1-14,text,true,,7351,114,20,20,http://localhost:9292/,341,0,0
1543813506616,1038,HTTP Request,200,OK,Users 1-6,text,true,,8201,232,20,20,http://localhost:9292/,680,0,1
1543813506616,687,HTTP Request-0,302,Found,Users 1-6,text,true,,840,118,20,20,http://localhost:9292/cars,680,0,1
1543813507303,351,HTTP Request-1,200,OK,Users 1-6,text,true,,7361,114,20,20,http://localhost:9292/,344,0,0
1543813506686,1055,HTTP Request,200,OK,Users 1-7,text,true,,8195,232,20,20,http://localhost:9292/,787,0,0
1543813506686,796,HTTP Request-0,302,Found,Users 1-7,text,true,,848,118,20,20,http://localhost:9292/cars,787,0,0
1543813507483,258,HTTP Request-1,200,OK,Users 1-7,text,true,,7347,114,20,20,http://localhost:9292/,257,0,0
1543813506651,1103,HTTP Request,200,OK,Users 1-15,text,true,,8187,232,20,20,http://localhost:9292/,775,0,1
1543813506651,776,HTTP Request-0,302,Found,Users 1-15,text,true,,834,118,20,20,http://localhost:9292/cars,775,0,1
1543813507428,326,HTTP Request-1,200,OK,Users 1-15,text,true,,7353,114,20,20,http://localhost:9292/,322,0,0
1543813506701,1106,HTTP Request,200,OK,Users 1-16,text,true,,8191,232,20,20,http://localhost:9292/,868,0,1
1543813506701,869,HTTP Request-0,302,Found,Users 1-16,text,true,,842,118,20,20,http://localhost:9292/cars,868,0,1
1543813507570,237,HTTP Request-1,200,OK,Users 1-16,text,true,,7349,114,20,20,http://localhost:9292/,229,0,0
1543813506748,1101,HTTP Request,200,OK,Users 1-3,text,true,,8205,232,20,20,http://localhost:9292/,918,0,1
1543813506748,918,HTTP Request-0,302,Found,Users 1-3,text,true,,852,118,20,20,http://localhost:9292/cars,918,0,1
1543813507666,183,HTTP Request-1,200,OK,Users 1-3,text,true,,7353,114,20,20,http://localhost:9292/,182,0,0
1543813506751,1166,HTTP Request,200,OK,Users 1-17,text,true,,8199,232,20,20,http://localhost:9292/,956,0,1
1543813506751,958,HTTP Request-0,302,Found,Users 1-17,text,true,,842,118,20,20,http://localhost:9292/cars,956,0,1
1543813507710,207,HTTP Request-1,200,OK,Users 1-17,text,true,,7357,114,20,20,http://localhost:9292/,205,0,0
1543813506852,1231,HTTP Request,200,OK,Users 1-19,text,true,,8193,232,20,20,http://localhost:9292/,1010,0,0
1543813506852,1011,HTTP Request-0,302,Found,Users 1-19,text,true,,846,118,20,20,http://localhost:9292/cars,1010,0,0
1543813507863,220,HTTP Request-1,200,OK,Users 1-19,text,true,,7347,114,20,20,http://localhost:9292/,215,0,0
1543813506802,1284,HTTP Request,200,OK,Users 1-18,text,true,,8193,232,20,20,http://localhost:9292/,1014,0,0
1543813506802,1021,HTTP Request-0,302,Found,Users 1-18,text,true,,840,118,20,20,http://localhost:9292/cars,1014,0,0
1543813507824,262,HTTP Request-1,200,OK,Users 1-18,text,true,,7353,114,20,20,http://localhost:9292/,262,0,0
1543813506837,1252,HTTP Request,200,OK,Users 1-8,text,true,,8193,232,20,20,http://localhost:9292/,1001,0,1
1543813506837,1001,HTTP Request-0,302,Found,Users 1-8,text,true,,838,118,20,20,http://localhost:9292/cars,1001,0,1
1543813507838,251,HTTP Request-1,200,OK,Users 1-8,text,true,,7355,114,20,20,http://localhost:9292/,250,0,0
1543813506856,1326,HTTP Request,200,OK,Users 1-9,text,true,,8189,232,20,20,http://localhost:9292/,1063,0,1
1543813506856,1065,HTTP Request-0,302,Found,Users 1-9,text,true,,842,118,20,20,http://localhost:9292/cars,1063,0,1
1543813507922,260,HTTP Request-1,200,OK,Users 1-9,text,true,,7347,114,20,20,http://localhost:9292/,252,0,0
1543813506902,1310,HTTP Request,200,OK,Users 1-20,text,true,,8205,232,20,20,http://localhost:9292/,1073,0,0
1543813506902,1076,HTTP Request-0,302,Found,Users 1-20,text,true,,840,118,20,20,http://localhost:9292/cars,1073,0,0
1543813507979,233,HTTP Request-1,200,OK,Users 1-20,text,true,,7365,114,20,20,http://localhost:9292/,231,0,0
1543813506949,1461,HTTP Request,200,OK,Users 1-4,text,true,,8199,232,20,20,http://localhost:9292/,1172,0,1
1543813506949,1174,HTTP Request-0,302,Found,Users 1-4,text,true,,846,118,20,20,http://localhost:9292/cars,1172,0,1
1543813508123,287,HTTP Request-1,200,OK,Users 1-4,text,true,,7353,114,20,20,http://localhost:9292/,285,0,0
1543813506963,1453,HTTP Request,200,OK,Users 1-10,text,true,,8183,232,20,20,http://localhost:9292/,1173,0,1
1543813506963,1174,HTTP Request-0,302,Found,Users 1-10,text,true,,836,118,20,20,http://localhost:9292/cars,1173,0,1
1543813508137,279,HTTP Request-1,200,OK,Users 1-10,text,true,,7347,114,20,20,http://localhost:9292/,277,0,0
1543813507091,1341,HTTP Request,200,OK,Users 1-1,text,true,,8199,232,20,20,http://localhost:9292/,1073,0,1
1543813507091,1078,HTTP Request-0,302,Found,Users 1-1,text,true,,848,118,20,20,http://localhost:9292/cars,1073,0,1
1543813508169,263,HTTP Request-1,200,OK,Users 1-1,text,true,,7351,114,20,20,http://localhost:9292/,258,0,0
1543813507206,1262,HTTP Request,200,OK,Users 1-11,text,true,,8185,232,20,20,http://localhost:9292/,1038,0,0
1543813507206,1039,HTTP Request-0,302,Found,Users 1-11,text,true,,838,118,20,20,http://localhost:9292/cars,1038,0,0
1543813508245,223,HTTP Request-1,200,OK,Users 1-11,text,true,,7347,114,20,20,http://localhost:9292/,206,0,0
1543813507250,1250,HTTP Request,200,OK,Users 1-12,text,true,,8195,232,20,20,http://localhost:9292/,1011,0,1
1543813507250,1018,HTTP Request-0,302,Found,Users 1-12,text,true,,846,118,20,20,http://localhost:9292/cars,1011,0,1
1543813508268,232,HTTP Request-1,200,OK,Users 1-12,text,true,,7349,114,20,20,http://localhost:9292/,222,0,0
1543813507402,1303,HTTP Request,200,OK,Users 1-2,text,true,,8197,232,20,20,http://localhost:9292/,1049,0,1
1543813507402,1049,HTTP Request-0,302,Found,Users 1-2,text,true,,848,118,20,20,http://localhost:9292/cars,1049,0,1
1543813508451,254,HTTP Request-1,200,OK,Users 1-2,text,true,,7349,114,20,20,http://localhost:9292/,248,0,0
1543813507377,1352,HTTP Request,200,OK,Users 1-5,text,true,,8199,232,20,20,http://localhost:9292/,1067,0,1
1543813507377,1068,HTTP Request-0,302,Found,Users 1-5,text,true,,842,118,20,20,http://localhost:9292/cars,1067,0,1
1543813508445,284,HTTP Request-1,200,OK,Users 1-5,text,true,,7357,114,20,20,http://localhost:9292/,278,0,0
1543813507502,1244,HTTP Request,200,OK,Users 1-13,text,true,,8199,232,20,20,http://localhost:9292/,990,0,1
1543813507502,993,HTTP Request-0,302,Found,Users 1-13,text,true,,848,118,20,20,http://localhost:9292/cars,990,0,1
1543813508495,251,HTTP Request-1,200,OK,Users 1-13,text,true,,7351,114,20,20,http://localhost:9292/,249,0,0
1543813507654,1132,HTTP Request,200,OK,Users 1-6,text,true,,8185,232,20,20,http://localhost:9292/,901,0,1
1543813507654,901,HTTP Request-0,302,Found,Users 1-6,text,true,,836,118,20,20,http://localhost:9292/cars,901,0,1
1543813508556,230,HTTP Request-1,200,OK,Users 1-6,text,true,,7349,114,20,20,http://localhost:9292/,230,0,0
1543813507606,1188,HTTP Request,200,OK,Users 1-14,text,true,,8191,232,20,20,http://localhost:9292/,937,0,0
1543813507606,948,HTTP Request-0,302,Found,Users 1-14,text,true,,840,118,20,20,http://localhost:9292/cars,937,0,0
1543813508554,240,HTTP Request-1,200,OK,Users 1-14,text,true,,7351,114,20,20,http://localhost:9292/,238,0,0
1543813507742,1219,HTTP Request,200,OK,Users 1-7,text,true,,8191,232,20,20,http://localhost:9292/,1005,0,0
1543813507742,1014,HTTP Request-0,302,Found,Users 1-7,text,true,,836,118,20,20,http://localhost:9292/cars,1005,0,0
1543813508756,205,HTTP Request-1,200,OK,Users 1-7,text,true,,7355,114,20,20,http://localhost:9292/,201,0,0
1543813507755,1278,HTTP Request,200,OK,Users 1-15,text,true,,8191,232,20,20,http://localhost:9292/,1005,0,0
1543813507755,1019,HTTP Request-0,302,Found,Users 1-15,text,true,,842,118,20,20,http://localhost:9292/cars,1005,0,0
1543813508774,259,HTTP Request-1,200,OK,Users 1-15,text,true,,7349,114,20,20,http://localhost:9292/,256,0,0
1543813507808,1262,HTTP Request,200,OK,Users 1-16,text,true,,8187,232,20,20,http://localhost:9292/,1001,0,0
1543813507808,1002,HTTP Request-0,302,Found,Users 1-16,text,true,,836,118,20,20,http://localhost:9292/cars,1001,0,0
1543813508809,261,HTTP Request-1,200,OK,Users 1-16,text,true,,7351,114,20,20,http://localhost:9292/,259,0,0
1543813507918,1170,HTTP Request,200,OK,Users 1-17,text,true,,8183,232,20,20,http://localhost:9292/,953,0,0
1543813507918,966,HTTP Request-0,302,Found,Users 1-17,text,true,,834,118,20,20,http://localhost:9292/cars,953,0,0
1543813508883,205,HTTP Request-1,200,OK,Users 1-17,text,true,,7349,114,20,20,http://localhost:9292/,204,0,0
1543813507849,1260,HTTP Request,200,OK,Users 1-3,text,true,,8211,232,20,20,http://localhost:9292/,1019,0,1
1543813507849,1021,HTTP Request-0,302,Found,Users 1-3,text,true,,848,118,20,20,http://localhost:9292/cars,1019,0,1
1543813508870,239,HTTP Request-1,200,OK,Users 1-3,text,true,,7363,114,20,20,http://localhost:9292/,225,0,0
1543813508087,1167,HTTP Request,200,OK,Users 1-18,text,true,,8195,232,20,20,http://localhost:9292/,985,0,0
1543813508087,993,HTTP Request-0,302,Found,Users 1-18,text,true,,840,118,20,20,http://localhost:9292/cars,985,0,0
1543813509079,175,HTTP Request-1,200,OK,Users 1-18,text,true,,7355,114,20,20,http://localhost:9292/,173,0,0
1543813508083,1172,HTTP Request,200,OK,Users 1-19,text,true,,8201,232,20,20,http://localhost:9292/,924,0,1
1543813508083,931,HTTP Request-0,302,Found,Users 1-19,text,true,,852,118,20,20,http://localhost:9292/cars,924,0,1
1543813509013,242,HTTP Request-1,200,OK,Users 1-19,text,true,,7349,114,20,20,http://localhost:9292/,239,0,0
1543813508089,1304,HTTP Request,200,OK,Users 1-8,text,true,,8201,232,20,20,http://localhost:9292/,1029,0,1
1543813508089,1031,HTTP Request-0,302,Found,Users 1-8,text,true,,850,118,20,20,http://localhost:9292/cars,1029,0,1
1543813509119,274,HTTP Request-1,200,OK,Users 1-8,text,true,,7351,114,20,20,http://localhost:9292/,272,0,0
1543813508183,1238,HTTP Request,200,OK,Users 1-9,text,true,,8183,232,20,20,http://localhost:9292/,1002,0,0
1543813508183,1002,HTTP Request-0,302,Found,Users 1-9,text,true,,836,118,20,20,http://localhost:9292/cars,1002,0,0
1543813509184,237,HTTP Request-1,200,OK,Users 1-9,text,true,,7347,114,20,20,http://localhost:9292/,236,0,0
1543813508213,1245,HTTP Request,200,OK,Users 1-20,text,true,,8191,232,20,20,http://localhost:9292/,981,0,0
1543813508213,989,HTTP Request-0,302,Found,Users 1-20,text,true,,844,118,20,20,http://localhost:9292/cars,981,0,0
1543813509202,256,HTTP Request-1,200,OK,Users 1-20,text,true,,7347,114,20,20,http://localhost:9292/,252,0,0
1543813508411,1126,HTTP Request,200,OK,Users 1-4,text,true,,8189,232,20,20,http://localhost:9292/,912,0,0
1543813508411,914,HTTP Request-0,302,Found,Users 1-4,text,true,,838,118,20,20,http://localhost:9292/cars,912,0,0
1543813509324,213,HTTP Request-1,200,OK,Users 1-4,text,true,,7351,114,20,20,http://localhost:9292/,206,0,0
1543813508417,1123,HTTP Request,200,OK,Users 1-10,text,true,,8199,232,20,20,http://localhost:9292/,904,0,0
1543813508417,906,HTTP Request-0,302,Found,Users 1-10,text,true,,846,118,20,20,http://localhost:9292/cars,904,0,0
1543813509322,218,HTTP Request-1,200,OK,Users 1-10,text,true,,7353,114,20,20,http://localhost:9292/,217,0,0
1543813508432,1280,HTTP Request,200,OK,Users 1-1,text,true,,8195,232,20,20,http://localhost:9292/,991,0,1
1543813508432,994,HTTP Request-0,302,Found,Users 1-1,text,true,,846,118,20,20,http://localhost:9292/cars,991,0,1
1543813509426,286,HTTP Request-1,200,OK,Users 1-1,text,true,,7349,114,20,20,http://localhost:9292/,285,0,0
1543813508469,1313,HTTP Request,200,OK,Users 1-11,text,true,,8195,232,20,20,http://localhost:9292/,1016,0,0
1543813508469,1022,HTTP Request-0,302,Found,Users 1-11,text,true,,842,118,20,20,http://localhost:9292/cars,1016,0,0
1543813509490,292,HTTP Request-1,200,OK,Users 1-11,text,true,,7353,114,20,20,http://localhost:9292/,287,0,0
1543813508500,1292,HTTP Request,200,OK,Users 1-12,text,true,,8185,232,20,20,http://localhost:9292/,1022,0,1
1543813508500,1025,HTTP Request-0,302,Found,Users 1-12,text,true,,844,118,20,20,http://localhost:9292/cars,1022,0,1
1543813509524,268,HTTP Request-1,200,OK,Users 1-12,text,true,,7341,114,20,20,http://localhost:9292/,267,0,0
1543813508705,1127,HTTP Request,200,OK,Users 1-2,text,true,,8187,232,20,20,http://localhost:9292/,876,0,0
1543813508705,876,HTTP Request-0,302,Found,Users 1-2,text,true,,836,118,20,20,http://localhost:9292/cars,876,0,0
1543813509581,251,HTTP Request-1,200,OK,Users 1-2,text,true,,7351,114,20,20,http://localhost:9292/,249,0,0
1543813508729,1159,HTTP Request,200,OK,Users 1-5,text,true,,8197,232,20,20,http://localhost:9292/,872,0,0
1543813508729,881,HTTP Request-0,302,Found,Users 1-5,text,true,,846,118,20,20,http://localhost:9292/cars,872,0,0
1543813509610,278,HTTP Request-1,200,OK,Users 1-5,text,true,,7351,114,20,20,http://localhost:9292/,277,0,0
1543813508746,1197,HTTP Request,200,OK,Users 1-13,text,true,,8197,232,20,20,http://localhost:9292/,1003,0,0
1543813508746,1011,HTTP Request-0,302,Found,Users 1-13,text,true,,846,118,20,20,http://localhost:9292/cars,1003,0,0
1543813509757,186,HTTP Request-1,200,OK,Users 1-13,text,true,,7351,114,20,20,http://localhost:9292/,176,0,0
1543813508793,1294,HTTP Request,200,OK,Users 1-14,text,true,,8187,232,20,20,http://localhost:9292/,1037,0,1
1543813508793,1038,HTTP Request-0,302,Found,Users 1-14,text,true,,838,118,20,20,http://localhost:9292/cars,1037,0,1
1543813509831,256,HTTP Request-1,200,OK,Users 1-14,text,true,,7349,114,20,20,http://localhost:9292/,254,0,0
1543813508786,1336,HTTP Request,200,OK,Users 1-6,text,true,,8197,232,20,20,http://localhost:9292/,1057,0,0
1543813508786,1062,HTTP Request-0,302,Found,Users 1-6,text,true,,852,118,20,20,http://localhost:9292/cars,1057,0,0
1543813509848,274,HTTP Request-1,200,OK,Users 1-6,text,true,,7345,114,20,20,http://localhost:9292/,261,0,0
1543813508962,1242,HTTP Request,200,OK,Users 1-7,text,true,,8187,232,20,20,http://localhost:9292/,950,0,1
1543813508962,957,HTTP Request-0,302,Found,Users 1-7,text,true,,846,118,20,20,http://localhost:9292/cars,950,0,1
1543813509920,284,HTTP Request-1,200,OK,Users 1-7,text,true,,7341,114,20,20,http://localhost:9292/,277,0,0
1543813509033,1173,HTTP Request,200,OK,Users 1-15,text,true,,8183,232,20,20,http://localhost:9292/,912,0,1
1543813509033,917,HTTP Request-0,302,Found,Users 1-15,text,true,,838,118,20,20,http://localhost:9292/cars,912,0,1
1543813509950,256,HTTP Request-1,200,OK,Users 1-15,text,true,,7345,114,20,20,http://localhost:9292/,254,0,0
1543813509071,1223,HTTP Request,200,OK,Users 1-16,text,true,,8193,232,20,20,http://localhost:9292/,962,0,0
1543813509071,972,HTTP Request-0,302,Found,Users 1-16,text,true,,840,118,20,20,http://localhost:9292/cars,962,0,0
1543813510044,250,HTTP Request-1,200,OK,Users 1-16,text,true,,7353,114,20,20,http://localhost:9292/,234,0,0
1543813509089,1314,HTTP Request,200,OK,Users 1-17,text,true,,8203,232,20,20,http://localhost:9292/,1055,0,0
1543813509089,1061,HTTP Request-0,302,Found,Users 1-17,text,true,,848,118,20,20,http://localhost:9292/cars,1055,0,0
1543813510150,253,HTTP Request-1,200,OK,Users 1-17,text,true,,7355,114,20,20,http://localhost:9292/,251,0,0
1543813509109,1431,HTTP Request,200,OK,Users 1-3,text,true,,8197,232,20,20,http://localhost:9292/,1069,0,1
1543813509109,1078,HTTP Request-0,302,Found,Users 1-3,text,true,,840,118,20,20,http://localhost:9292/cars,1069,0,1
1543813510188,352,HTTP Request-1,200,OK,Users 1-3,text,true,,7357,114,20,20,http://localhost:9292/,348,0,0
1543813509255,1333,HTTP Request,200,OK,Users 1-18,text,true,,8195,232,20,20,http://localhost:9292/,997,0,0
1543813509255,1002,HTTP Request-0,302,Found,Users 1-18,text,true,,840,118,20,20,http://localhost:9292/cars,997,0,0
1543813510257,331,HTTP Request-1,200,OK,Users 1-18,text,true,,7355,114,20,20,http://localhost:9292/,322,0,0
1543813509256,1343,HTTP Request,200,OK,Users 1-19,text,true,,8187,232,20,20,http://localhost:9292/,1008,0,0
1543813509256,1022,HTTP Request-0,302,Found,Users 1-19,text,true,,840,118,20,20,http://localhost:9292/cars,1008,0,0
1543813510279,320,HTTP Request-1,200,OK,Users 1-19,text,true,,7347,114,20,20,http://localhost:9292/,309,0,0
1543813509394,1238,HTTP Request,200,OK,Users 1-8,text,true,,8187,232,20,20,http://localhost:9292/,946,0,0
1543813509394,946,HTTP Request-0,302,Found,Users 1-8,text,true,,838,118,20,20,http://localhost:9292/cars,946,0,0
1543813510340,292,HTTP Request-1,200,OK,Users 1-8,text,true,,7349,114,20,20,http://localhost:9292/,290,0,0
1543813509421,1279,HTTP Request,200,OK,Users 1-9,text,true,,8191,232,20,20,http://localhost:9292/,1040,0,0
1543813509421,1043,HTTP Request-0,302,Found,Users 1-9,text,true,,840,118,20,20,http://localhost:9292/cars,1040,0,0
1543813510465,235,HTTP Request-1,200,OK,Users 1-9,text,true,,7351,114,20,20,http://localhost:9292/,235,0,0
1543813509459,1326,HTTP Request,200,OK,Users 1-20,text,true,,8201,232,20,20,http://localhost:9292/,1118,0,0
1543813509459,1120,HTTP Request-0,302,Found,Users 1-20,text,true,,848,118,20,20,http://localhost:9292/cars,1118,0,0
1543813510579,206,HTTP Request-1,200,OK,Users 1-20,text,true,,7353,114,20,20,http://localhost:9292/,203,0,0
1543813509541,1332,HTTP Request,200,OK,Users 1-10,text,true,,8205,232,20,20,http://localhost:9292/,1113,0,0
1543813509541,1114,HTTP Request-0,302,Found,Users 1-10,text,true,,852,118,20,20,http://localhost:9292/cars,1113,0,0
1543813510656,217,HTTP Request-1,200,OK,Users 1-10,text,true,,7353,114,20,20,http://localhost:9292/,215,0,0
1543813509538,1400,HTTP Request,200,OK,Users 1-4,text,true,,8183,232,20,20,http://localhost:9292/,1106,0,0
1543813509538,1108,HTTP Request-0,302,Found,Users 1-4,text,true,,834,118,20,20,http://localhost:9292/cars,1106,0,0
1543813510646,292,HTTP Request-1,200,OK,Users 1-4,text,true,,7349,114,20,20,http://localhost:9292/,287,0,0
1543813509713,1236,HTTP Request,200,OK,Users 1-1,text,true,,8197,232,20,20,http://localhost:9292/,1000,0,0
1543813509713,1000,HTTP Request-0,302,Found,Users 1-1,text,true,,840,118,20,20,http://localhost:9292/cars,1000,0,0
1543813510713,236,HTTP Request-1,200,OK,Users 1-1,text,true,,7357,114,20,20,http://localhost:9292/,228,0,0
1543813509783,1239,HTTP Request,200,OK,Users 1-11,text,true,,8213,232,20,20,http://localhost:9292/,984,0,0
1543813509783,987,HTTP Request-0,302,Found,Users 1-11,text,true,,860,118,20,20,http://localhost:9292/cars,984,0,0
1543813510770,252,HTTP Request-1,200,OK,Users 1-11,text,true,,7353,114,20,20,http://localhost:9292/,250,0,0
1543813509792,1331,HTTP Request,200,OK,Users 1-12,text,true,,8181,232,20,20,http://localhost:9292/,1071,0,1
1543813509792,1071,HTTP Request-0,302,Found,Users 1-12,text,true,,836,118,20,20,http://localhost:9292/cars,1071,0,1
1543813510863,260,HTTP Request-1,200,OK,Users 1-12,text,true,,7345,114,20,20,http://localhost:9292/,259,0,0
1543813509833,1376,HTTP Request,200,OK,Users 1-2,text,true,,8191,232,20,20,http://localhost:9292/,1106,0,0
1543813509833,1107,HTTP Request-0,302,Found,Users 1-2,text,true,,840,118,20,20,http://localhost:9292/cars,1106,0,0
1543813510940,269,HTTP Request-1,200,OK,Users 1-2,text,true,,7351,114,20,20,http://localhost:9292/,269,0,0
1543813509888,1340,HTTP Request,200,OK,Users 1-5,text,true,,8187,232,20,20,http://localhost:9292/,1099,0,1
1543813509888,1108,HTTP Request-0,302,Found,Users 1-5,text,true,,836,118,20,20,http://localhost:9292/cars,1099,0,1
1543813510996,232,HTTP Request-1,200,OK,Users 1-5,text,true,,7351,114,20,20,http://localhost:9292/,230,0,0
1543813509943,1350,HTTP Request,200,OK,Users 1-13,text,true,,8197,232,20,20,http://localhost:9292/,1076,0,1
1543813509943,1082,HTTP Request-0,302,Found,Users 1-13,text,true,,848,118,20,20,http://localhost:9292/cars,1076,0,1
1543813511025,268,HTTP Request-1,200,OK,Users 1-13,text,true,,7349,114,20,20,http://localhost:9292/,263,0,0
1543813510088,1217,HTTP Request,200,OK,Users 1-14,text,true,,8191,232,20,20,http://localhost:9292/,986,0,0
1543813510088,991,HTTP Request-0,302,Found,Users 1-14,text,true,,838,118,20,20,http://localhost:9292/cars,986,0,0
1543813511079,226,HTTP Request-1,200,OK,Users 1-14,text,true,,7353,114,20,20,http://localhost:9292/,219,0,0
1543813510123,1279,HTTP Request,200,OK,Users 1-6,text,true,,8185,232,20,20,http://localhost:9292/,1037,0,0
1543813510123,1037,HTTP Request-0,302,Found,Users 1-6,text,true,,838,118,20,20,http://localhost:9292/cars,1037,0,0
1543813511160,242,HTTP Request-1,200,OK,Users 1-6,text,true,,7347,114,20,20,http://localhost:9292/,229,0,0
1543813510204,1278,HTTP Request,200,OK,Users 1-7,text,true,,8185,232,20,20,http://localhost:9292/,1038,0,1
1543813510204,1048,HTTP Request-0,302,Found,Users 1-7,text,true,,840,118,20,20,http://localhost:9292/cars,1038,0,1
1543813511252,230,HTTP Request-1,200,OK,Users 1-7,text,true,,7345,114,20,20,http://localhost:9292/,230,0,0
1543813510295,1278,HTTP Request,200,OK,Users 1-16,text,true,,8191,232,20,20,http://localhost:9292/,1045,0,0
1543813510295,1049,HTTP Request-0,302,Found,Users 1-16,text,true,,842,118,20,20,http://localhost:9292/cars,1045,0,0
1543813511344,229,HTTP Request-1,200,OK,Users 1-16,text,true,,7349,114,20,20,http://localhost:9292/,228,0,0
1543813510207,1372,HTTP Request,200,OK,Users 1-15,text,true,,8195,232,20,20,http://localhost:9292/,1084,0,0
1543813510207,1087,HTTP Request-0,302,Found,Users 1-15,text,true,,850,118,20,20,http://localhost:9292/cars,1084,0,0
1543813511294,285,HTTP Request-1,200,OK,Users 1-15,text,true,,7345,114,20,20,http://localhost:9292/,279,0,0
1543813510403,1215,HTTP Request,200,OK,Users 1-17,text,true,,8201,232,20,20,http://localhost:9292/,973,0,0
1543813510403,982,HTTP Request-0,302,Found,Users 1-17,text,true,,842,118,20,20,http://localhost:9292/cars,973,0,0
1543813511385,233,HTTP Request-1,200,OK,Users 1-17,text,true,,7359,114,20,20,http://localhost:9292/,232,0,0
1543813510540,1078,HTTP Request,200,OK,Users 1-3,text,true,,8195,232,20,20,http://localhost:9292/,908,0,1
1543813510540,911,HTTP Request-0,302,Found,Users 1-3,text,true,,840,118,20,20,http://localhost:9292/cars,908,0,1
1543813511451,167,HTTP Request-1,200,OK,Users 1-3,text,true,,7355,114,20,20,http://localhost:9292/,167,0,0
1543813510589,1214,HTTP Request,200,OK,Users 1-18,text,true,,8191,232,20,20,http://localhost:9292/,960,0,0
1543813510589,972,HTTP Request-0,302,Found,Users 1-18,text,true,,838,118,20,20,http://localhost:9292/cars,960,0,0
1543813511562,241,HTTP Request-1,200,OK,Users 1-18,text,true,,7353,114,20,20,http://localhost:9292/,238,0,0
1543813510599,1262,HTTP Request,200,OK,Users 1-19,text,true,,8179,232,20,20,http://localhost:9292/,1041,0,0
1543813510599,1044,HTTP Request-0,302,Found,Users 1-19,text,true,,830,118,20,20,http://localhost:9292/cars,1041,0,0
1543813511644,217,HTTP Request-1,200,OK,Users 1-19,text,true,,7349,114,20,20,http://localhost:9292/,214,0,0
1543813510633,1231,HTTP Request,200,OK,Users 1-8,text,true,,8191,232,20,20,http://localhost:9292/,989,0,0
1543813510633,992,HTTP Request-0,302,Found,Users 1-8,text,true,,844,118,20,20,http://localhost:9292/cars,989,0,0
1543813511625,239,HTTP Request-1,200,OK,Users 1-8,text,true,,7347,114,20,20,http://localhost:9292/,239,0,0
1543813510700,1242,HTTP Request,200,OK,Users 1-9,text,true,,8187,232,20,20,http://localhost:9292/,997,0,1
1543813510700,999,HTTP Request-0,302,Found,Users 1-9,text,true,,844,118,20,20,http://localhost:9292/cars,997,0,1
1543813511700,242,HTTP Request-1,200,OK,Users 1-9,text,true,,7343,114,20,20,http://localhost:9292/,225,0,0
1543813510786,1179,HTTP Request,200,OK,Users 1-20,text,true,,8201,232,20,20,http://localhost:9292/,884,0,0
1543813510786,886,HTTP Request-0,302,Found,Users 1-20,text,true,,846,118,20,20,http://localhost:9292/cars,884,0,0
1543813511672,293,HTTP Request-1,200,OK,Users 1-20,text,true,,7355,114,20,20,http://localhost:9292/,287,0,0
1543813510874,1247,HTTP Request,200,OK,Users 1-10,text,true,,8195,232,20,20,http://localhost:9292/,983,0,0
1543813510874,987,HTTP Request-0,302,Found,Users 1-10,text,true,,838,118,20,20,http://localhost:9292/cars,983,0,0
1543813511862,259,HTTP Request-1,200,OK,Users 1-10,text,true,,7357,114,20,20,http://localhost:9292/,250,0,0
1543813510950,1214,HTTP Request,200,OK,Users 1-1,text,true,,8201,232,20,20,http://localhost:9292/,975,0,0
1543813510950,976,HTTP Request-0,302,Found,Users 1-1,text,true,,844,118,20,20,http://localhost:9292/cars,975,0,0
1543813511926,238,HTTP Request-1,200,OK,Users 1-1,text,true,,7357,114,20,20,http://localhost:9292/,233,0,0
1543813510939,1246,HTTP Request,200,OK,Users 1-4,text,true,,8189,232,20,20,http://localhost:9292/,972,0,0
1543813510939,975,HTTP Request-0,302,Found,Users 1-4,text,true,,836,118,20,20,http://localhost:9292/cars,972,0,0
1543813511915,270,HTTP Request-1,200,OK,Users 1-4,text,true,,7353,114,20,20,http://localhost:9292/,259,0,0
1543813511123,1082,HTTP Request,200,OK,Users 1-12,text,true,,8205,232,20,20,http://localhost:9292/,898,0,0
1543813511123,905,HTTP Request-0,302,Found,Users 1-12,text,true,,856,118,20,20,http://localhost:9292/cars,898,0,0
1543813512028,177,HTTP Request-1,200,OK,Users 1-12,text,true,,7349,114,20,20,http://localhost:9292/,177,0,0
1543813511023,1240,HTTP Request,200,OK,Users 1-11,text,true,,8195,232,20,20,http://localhost:9292/,977,0,0
1543813511023,989,HTTP Request-0,302,Found,Users 1-11,text,true,,840,118,20,20,http://localhost:9292/cars,977,0,0
1543813512013,250,HTTP Request-1,200,OK,Users 1-11,text,true,,7355,114,20,20,http://localhost:9292/,244,0,0
1543813511210,1190,HTTP Request,200,OK,Users 1-2,text,true,,8185,232,20,20,http://localhost:9292/,956,0,0
1543813511210,956,HTTP Request-0,302,Found,Users 1-2,text,true,,840,118,20,20,http://localhost:9292/cars,956,0,0
1543813512166,234,HTTP Request-1,200,OK,Users 1-2,text,true,,7345,114,20,20,http://localhost:9292/,225,0,0
1543813511229,1214,HTTP Request,200,OK,Users 1-5,text,true,,8189,232,20,20,http://localhost:9292/,976,0,0
1543813511229,979,HTTP Request-0,302,Found,Users 1-5,text,true,,840,118,20,20,http://localhost:9292/cars,976,0,0
1543813512209,234,HTTP Request-1,200,OK,Users 1-5,text,true,,7349,114,20,20,http://localhost:9292/,234,0,0
1543813511294,1193,HTTP Request,200,OK,Users 1-13,text,true,,8191,232,20,20,http://localhost:9292/,969,0,0
1543813511294,971,HTTP Request-0,302,Found,Users 1-13,text,true,,844,118,20,20,http://localhost:9292/cars,969,0,0
1543813512265,222,HTTP Request-1,200,OK,Users 1-13,text,true,,7347,114,20,20,http://localhost:9292/,220,0,0
1543813511305,1245,HTTP Request,200,OK,Users 1-14,text,true,,8183,232,20,20,http://localhost:9292/,978,0,1
1543813511305,987,HTTP Request-0,302,Found,Users 1-14,text,true,,840,118,20,20,http://localhost:9292/cars,978,0,1
1543813512292,258,HTTP Request-1,200,OK,Users 1-14,text,true,,7343,114,20,20,http://localhost:9292/,258,0,0
1543813511402,1171,HTTP Request,200,OK,Users 1-6,text,true,,8185,232,20,20,http://localhost:9292/,919,0,1
1543813511402,932,HTTP Request-0,302,Found,Users 1-6,text,true,,838,118,20,20,http://localhost:9292/cars,919,0,1
1543813512335,238,HTTP Request-1,200,OK,Users 1-6,text,true,,7347,114,20,20,http://localhost:9292/,233,0,0
1543813511482,1131,HTTP Request,200,OK,Users 1-7,text,true,,8195,232,20,20,http://localhost:9292/,947,0,1
1543813511482,959,HTTP Request-0,302,Found,Users 1-7,text,true,,842,118,20,20,http://localhost:9292/cars,947,0,1
1543813512441,172,HTTP Request-1,200,OK,Users 1-7,text,true,,7353,114,20,20,http://localhost:9292/,171,0,0
1543813511573,1165,HTTP Request,200,OK,Users 1-16,text,true,,8181,232,20,20,http://localhost:9292/,928,0,1
1543813511573,931,HTTP Request-0,302,Found,Users 1-16,text,true,,836,118,20,20,http://localhost:9292/cars,928,0,1
1543813512504,234,HTTP Request-1,200,OK,Users 1-16,text,true,,7345,114,20,20,http://localhost:9292/,233,0,0
1543813511580,1261,HTTP Request,200,OK,Users 1-15,text,true,,8185,232,20,20,http://localhost:9292/,969,0,0
1543813511580,977,HTTP Request-0,302,Found,Users 1-15,text,true,,840,118,20,20,http://localhost:9292/cars,969,0,0
1543813512558,283,HTTP Request-1,200,OK,Users 1-15,text,true,,7345,114,20,20,http://localhost:9292/,280,0,0
1543813511619,1258,HTTP Request,200,OK,Users 1-3,text,true,,8201,232,20,20,http://localhost:9292/,992,0,0
1543813511619,992,HTTP Request-0,302,Found,Users 1-3,text,true,,844,118,20,20,http://localhost:9292/cars,992,0,0
1543813512611,266,HTTP Request-1,200,OK,Users 1-3,text,true,,7357,114,20,20,http://localhost:9292/,260,0,0
1543813511619,1262,HTTP Request,200,OK,Users 1-17,text,true,,8187,232,20,20,http://localhost:9292/,1019,0,0
1543813511619,1030,HTTP Request-0,302,Found,Users 1-17,text,true,,840,118,20,20,http://localhost:9292/cars,1019,0,0
1543813512649,232,HTTP Request-1,200,OK,Users 1-17,text,true,,7347,114,20,20,http://localhost:9292/,232,0,0
1543813511804,1151,HTTP Request,200,OK,Users 1-18,text,true,,8193,232,20,20,http://localhost:9292/,886,0,0
1543813511804,887,HTTP Request-0,302,Found,Users 1-18,text,true,,840,118,20,20,http://localhost:9292/cars,886,0,0
1543813512691,264,HTTP Request-1,200,OK,Users 1-18,text,true,,7353,114,20,20,http://localhost:9292/,257,0,0
1543813511862,1138,HTTP Request,200,OK,Users 1-19,text,true,,8197,232,20,20,http://localhost:9292/,924,0,0
1543813511862,928,HTTP Request-0,302,Found,Users 1-19,text,true,,846,118,20,20,http://localhost:9292/cars,924,0,0
1543813512790,210,HTTP Request-1,200,OK,Users 1-19,text,true,,7351,114,20,20,http://localhost:9292/,210,0,0
1543813511864,1243,HTTP Request,200,OK,Users 1-8,text,true,,8191,232,20,20,http://localhost:9292/,1017,0,0
1543813511864,1017,HTTP Request-0,302,Found,Users 1-8,text,true,,844,118,20,20,http://localhost:9292/cars,1017,0,0
1543813512882,225,HTTP Request-1,200,OK,Users 1-8,text,true,,7347,114,20,20,http://localhost:9292/,216,0,0
1543813511943,1200,HTTP Request,200,OK,Users 1-9,text,true,,8185,232,20,20,http://localhost:9292/,988,0,0
1543813511943,990,HTTP Request-0,302,Found,Users 1-9,text,true,,840,118,20,20,http://localhost:9292/cars,988,0,0
1543813512933,210,HTTP Request-1,200,OK,Users 1-9,text,true,,7345,114,20,20,http://localhost:9292/,208,0,0
1543813512122,1067,HTTP Request,200,OK,Users 1-10,text,true,,8189,232,20,20,http://localhost:9292/,878,0,0
1543813512122,879,HTTP Request-0,302,Found,Users 1-10,text,true,,832,118,20,20,http://localhost:9292/cars,878,0,0
1543813513001,188,HTTP Request-1,200,OK,Users 1-10,text,true,,7357,114,20,20,http://localhost:9292/,187,0,0
1543813512165,1062,HTTP Request,200,OK,Users 1-1,text,true,,8195,232,20,20,http://localhost:9292/,891,0,0
1543813512165,893,HTTP Request-0,302,Found,Users 1-1,text,true,,850,118,20,20,http://localhost:9292/cars,891,0,0
1543813513058,169,HTTP Request-1,200,OK,Users 1-1,text,true,,7345,114,20,20,http://localhost:9292/,168,0,0
1543813512186,1155,HTTP Request,200,OK,Users 1-4,text,true,,8191,232,20,20,http://localhost:9292/,959,0,0
1543813512186,960,HTTP Request-0,302,Found,Users 1-4,text,true,,846,118,20,20,http://localhost:9292/cars,959,0,0
1543813513146,195,HTTP Request-1,200,OK,Users 1-4,text,true,,7345,114,20,20,http://localhost:9292/,192,0,0
1543813512206,1218,HTTP Request,200,OK,Users 1-12,text,true,,8189,232,20,20,http://localhost:9292/,976,0,0
1543813512206,982,HTTP Request-0,302,Found,Users 1-12,text,true,,840,118,20,20,http://localhost:9292/cars,976,0,0
1543813513189,235,HTTP Request-1,200,OK,Users 1-12,text,true,,7349,114,20,20,http://localhost:9292/,228,0,0
1543813512400,1047,HTTP Request,200,OK,Users 1-2,text,true,,8189,232,20,20,http://localhost:9292/,873,0,1
1543813512400,874,HTTP Request-0,302,Found,Users 1-2,text,true,,844,118,20,20,http://localhost:9292/cars,873,0,1
1543813513274,173,HTTP Request-1,200,OK,Users 1-2,text,true,,7345,114,20,20,http://localhost:9292/,172,0,0
1543813512264,1214,HTTP Request,200,OK,Users 1-11,text,true,,8191,232,20,20,http://localhost:9292/,962,0,0
1543813512264,962,HTTP Request-0,302,Found,Users 1-11,text,true,,842,118,20,20,http://localhost:9292/cars,962,0,0
1543813513226,252,HTTP Request-1,200,OK,Users 1-11,text,true,,7349,114,20,20,http://localhost:9292/,237,0,0
1543813512443,1145,HTTP Request,200,OK,Users 1-5,text,true,,8191,232,20,20,http://localhost:9292/,939,0,1
1543813512443,942,HTTP Request-0,302,Found,Users 1-5,text,true,,844,118,20,20,http://localhost:9292/cars,939,0,1
1543813513385,203,HTTP Request-1,200,OK,Users 1-5,text,true,,7347,114,20,20,http://localhost:9292/,187,0,0
1543813512487,1171,HTTP Request,200,OK,Users 1-13,text,true,,8193,232,20,20,http://localhost:9292/,960,0,1
1543813512487,961,HTTP Request-0,302,Found,Users 1-13,text,true,,846,118,20,20,http://localhost:9292/cars,960,0,1
1543813513448,210,HTTP Request-1,200,OK,Users 1-13,text,true,,7347,114,20,20,http://localhost:9292/,209,0,0
1543813512550,1141,HTTP Request,200,OK,Users 1-14,text,true,,8189,232,20,20,http://localhost:9292/,941,0,1
1543813512550,948,HTTP Request-0,302,Found,Users 1-14,text,true,,844,118,20,20,http://localhost:9292/cars,941,0,1
1543813513498,193,HTTP Request-1,200,OK,Users 1-14,text,true,,7345,114,20,20,http://localhost:9292/,193,0,0
1543813512573,1120,HTTP Request,200,OK,Users 1-6,text,true,,8203,232,20,20,http://localhost:9292/,948,0,1
1543813512573,954,HTTP Request-0,302,Found,Users 1-6,text,true,,848,118,20,20,http://localhost:9292/cars,948,0,1
1543813513527,166,HTTP Request-1,200,OK,Users 1-6,text,true,,7355,114,20,20,http://localhost:9292/,164,0,0
1543813512613,1203,HTTP Request,200,OK,Users 1-7,text,true,,8187,232,20,20,http://localhost:9292/,1023,0,1
1543813512613,1024,HTTP Request-0,302,Found,Users 1-7,text,true,,844,118,20,20,http://localhost:9292/cars,1023,0,1
1543813513638,178,HTTP Request-1,200,OK,Users 1-7,text,true,,7343,114,20,20,http://localhost:9292/,168,0,0
1543813512738,1163,HTTP Request,200,OK,Users 1-16,text,true,,8189,232,20,20,http://localhost:9292/,953,0,0
1543813512738,955,HTTP Request-0,302,Found,Users 1-16,text,true,,840,118,20,20,http://localhost:9292/cars,953,0,0
1543813513694,207,HTTP Request-1,200,OK,Users 1-16,text,true,,7349,114,20,20,http://localhost:9292/,204,0,0
1543813512841,1169,HTTP Request,200,OK,Users 1-15,text,true,,8197,232,20,20,http://localhost:9292/,906,0,1
1543813512841,906,HTTP Request-0,302,Found,Users 1-15,text,true,,846,118,20,20,http://localhost:9292/cars,906,0,1
1543813513749,261,HTTP Request-1,200,OK,Users 1-15,text,true,,7351,114,20,20,http://localhost:9292/,258,0,0
1543813511968,2068,HTTP Request,200,OK,Users 1-20,text,true,,8197,232,20,20,http://localhost:9292/,1772,0,1
1543813511968,1780,HTTP Request-0,302,Found,Users 1-20,text,true,,850,118,20,20,http://localhost:9292/cars,1772,0,1
1543813513749,287,HTTP Request-1,200,OK,Users 1-20,text,true,,7347,114,20,20,http://localhost:9292/,280,0,0
1543813512877,1170,HTTP Request,200,OK,Users 1-3,text,true,,8185,232,20,20,http://localhost:9292/,902,0,1
1543813512877,905,HTTP Request-0,302,Found,Users 1-3,text,true,,836,118,20,20,http://localhost:9292/cars,902,0,1
1543813513783,264,HTTP Request-1,200,OK,Users 1-3,text,true,,7349,114,20,20,http://localhost:9292/,263,0,0
1543813512882,1194,HTTP Request,200,OK,Users 1-17,text,true,,8187,232,20,20,http://localhost:9292/,972,0,0
1543813512882,976,HTTP Request-0,302,Found,Users 1-17,text,true,,840,118,20,20,http://localhost:9292/cars,972,0,0
1543813513859,217,HTTP Request-1,200,OK,Users 1-17,text,true,,7347,114,20,20,http://localhost:9292/,215,0,0
1543813512956,1278,HTTP Request,200,OK,Users 1-18,text,true,,8191,232,20,20,http://localhost:9292/,1000,0,0
1543813512956,1006,HTTP Request-0,302,Found,Users 1-18,text,true,,844,118,20,20,http://localhost:9292/cars,1000,0,0
1543813513964,270,HTTP Request-1,200,OK,Users 1-18,text,true,,7347,114,20,20,http://localhost:9292/,268,0,0
1543813513144,1176,HTTP Request,200,OK,Users 1-9,text,true,,8197,232,20,20,http://localhost:9292/,962,0,1
1543813513144,962,HTTP Request-0,302,Found,Users 1-9,text,true,,846,118,20,20,http://localhost:9292/cars,962,0,1
1543813514107,213,HTTP Request-1,200,OK,Users 1-9,text,true,,7351,114,20,20,http://localhost:9292/,201,0,0
1543813513001,1359,HTTP Request,200,OK,Users 1-19,text,true,,8203,232,20,20,http://localhost:9292/,1051,0,0
1543813513001,1052,HTTP Request-0,302,Found,Users 1-19,text,true,,852,118,20,20,http://localhost:9292/cars,1051,0,0
1543813514054,306,HTTP Request-1,200,OK,Users 1-19,text,true,,7351,114,20,20,http://localhost:9292/,306,0,0
1543813513107,1256,HTTP Request,200,OK,Users 1-8,text,true,,8179,232,20,20,http://localhost:9292/,999,0,1
1543813513190,1173,HTTP Request,200,OK,Users 1-10,text,true,,8191,232,20,20,http://localhost:9292/,980,0,0
1543813513107,999,HTTP Request-0,302,Found,Users 1-8,text,true,,834,118,20,20,http://localhost:9292/cars,999,0,1
1543813513190,987,HTTP Request-0,302,Found,Users 1-10,text,true,,844,118,20,20,http://localhost:9292/cars,980,0,0
1543813514107,256,HTTP Request-1,200,OK,Users 1-8,text,true,,7345,114,20,20,http://localhost:9292/,256,0,0
1543813514179,184,HTTP Request-1,200,OK,Users 1-10,text,true,,7347,114,20,20,http://localhost:9292/,182,0,0
1543813513228,1254,HTTP Request,200,OK,Users 1-1,text,true,,8197,232,20,20,http://localhost:9292/,1043,0,0
1543813513228,1048,HTTP Request-0,302,Found,Users 1-1,text,true,,852,118,20,20,http://localhost:9292/cars,1043,0,0
1543813514277,205,HTTP Request-1,200,OK,Users 1-1,text,true,,7345,114,20,20,http://localhost:9292/,205,0,0
1543813513341,1294,HTTP Request,200,OK,Users 1-4,text,true,,8205,232,20,20,http://localhost:9292/,1038,0,1
1543813513341,1039,HTTP Request-0,302,Found,Users 1-4,text,true,,846,118,20,20,http://localhost:9292/cars,1038,0,1
1543813514381,254,HTTP Request-1,200,OK,Users 1-4,text,true,,7359,114,20,20,http://localhost:9292/,247,0,0
1543813513425,1227,HTTP Request,200,OK,Users 1-12,text,true,,8191,232,20,20,http://localhost:9292/,957,0,0
1543813513425,958,HTTP Request-0,302,Found,Users 1-12,text,true,,844,118,20,20,http://localhost:9292/cars,957,0,0
1543813514385,267,HTTP Request-1,200,OK,Users 1-12,text,true,,7347,114,20,20,http://localhost:9292/,264,0,0
1543813513479,1228,HTTP Request,200,OK,Users 1-11,text,true,,8187,232,20,20,http://localhost:9292/,959,0,1
1543813513479,966,HTTP Request-0,302,Found,Users 1-11,text,true,,840,118,20,20,http://localhost:9292/cars,959,0,1
1543813514446,261,HTTP Request-1,200,OK,Users 1-11,text,true,,7347,114,20,20,http://localhost:9292/,261,0,0
1543813513447,1271,HTTP Request,200,OK,Users 1-2,text,true,,8195,232,20,20,http://localhost:9292/,990,0,1
1543813513447,993,HTTP Request-0,302,Found,Users 1-2,text,true,,842,118,20,20,http://localhost:9292/cars,990,0,1
1543813514441,277,HTTP Request-1,200,OK,Users 1-2,text,true,,7353,114,20,20,http://localhost:9292/,277,0,0
1543813513590,1202,HTTP Request,200,OK,Users 1-5,text,true,,8199,232,20,20,http://localhost:9292/,956,0,0
1543813513590,958,HTTP Request-0,302,Found,Users 1-5,text,true,,848,118,20,20,http://localhost:9292/cars,956,0,0
1543813514549,243,HTTP Request-1,200,OK,Users 1-5,text,true,,7351,114,20,20,http://localhost:9292/,243,0,0
1543813513659,1248,HTTP Request,200,OK,Users 1-13,text,true,,8201,232,20,20,http://localhost:9292/,1047,0,1
1543813513659,1048,HTTP Request-0,302,Found,Users 1-13,text,true,,846,118,20,20,http://localhost:9292/cars,1047,0,1
1543813514707,200,HTTP Request-1,200,OK,Users 1-13,text,true,,7355,114,20,20,http://localhost:9292/,199,0,0
1543813513693,1336,HTTP Request,200,OK,Users 1-14,text,true,,8187,232,20,20,http://localhost:9292/,1034,0,0
1543813513693,1037,HTTP Request-0,302,Found,Users 1-14,text,true,,846,118,20,20,http://localhost:9292/cars,1034,0,0
1543813514730,299,HTTP Request-1,200,OK,Users 1-14,text,true,,7341,114,20,20,http://localhost:9292/,298,0,0
1543813513816,1218,HTTP Request,200,OK,Users 1-7,text,true,,8179,232,20,20,http://localhost:9292/,987,0,1
1543813513816,991,HTTP Request-0,302,Found,Users 1-7,text,true,,832,118,20,20,http://localhost:9292/cars,987,0,1
1543813514807,227,HTTP Request-1,200,OK,Users 1-7,text,true,,7347,114,20,20,http://localhost:9292/,226,0,0
1543813513694,1391,HTTP Request,200,OK,Users 1-6,text,true,,8195,232,20,20,http://localhost:9292/,1105,0,0
1543813513694,1111,HTTP Request-0,302,Found,Users 1-6,text,true,,846,118,20,20,http://localhost:9292/cars,1105,0,0
1543813514805,280,HTTP Request-1,200,OK,Users 1-6,text,true,,7349,114,20,20,http://localhost:9292/,279,0,0
1543813513901,1196,HTTP Request,200,OK,Users 1-16,text,true,,8207,232,20,20,http://localhost:9292/,974,0,1
1543813513901,978,HTTP Request-0,302,Found,Users 1-16,text,true,,852,118,20,20,http://localhost:9292/cars,974,0,1
1543813514879,218,HTTP Request-1,200,OK,Users 1-16,text,true,,7355,114,20,20,http://localhost:9292/,218,0,0
1543813514010,1134,HTTP Request,200,OK,Users 1-15,text,true,,8201,232,20,20,http://localhost:9292/,943,0,1
1543813514010,960,HTTP Request-0,302,Found,Users 1-15,text,true,,846,118,20,20,http://localhost:9292/cars,943,0,1
1543813514970,174,HTTP Request-1,200,OK,Users 1-15,text,true,,7355,114,20,20,http://localhost:9292/,173,0,0
1543813514037,1301,HTTP Request,200,OK,Users 1-20,text,true,,8197,232,20,20,http://localhost:9292/,1051,0,1
1543813514037,1053,HTTP Request-0,302,Found,Users 1-20,text,true,,842,118,20,20,http://localhost:9292/cars,1051,0,1
1543813515090,248,HTTP Request-1,200,OK,Users 1-20,text,true,,7355,114,20,20,http://localhost:9292/,240,0,0
1543813514048,1319,HTTP Request,200,OK,Users 1-3,text,true,,8185,232,20,20,http://localhost:9292/,1042,0,0
1543813514048,1049,HTTP Request-0,302,Found,Users 1-3,text,true,,836,118,20,20,http://localhost:9292/cars,1042,0,0
1543813515097,270,HTTP Request-1,200,OK,Users 1-3,text,true,,7349,114,20,20,http://localhost:9292/,267,0,0
1543813514235,1143,HTTP Request,200,OK,Users 1-18,text,true,,8199,232,20,20,http://localhost:9292/,942,0,0
1543813514235,942,HTTP Request-0,302,Found,Users 1-18,text,true,,842,118,20,20,http://localhost:9292/cars,942,0,0
1543813515178,200,HTTP Request-1,200,OK,Users 1-18,text,true,,7357,114,20,20,http://localhost:9292/,200,0,0
1543813514077,1352,HTTP Request,200,OK,Users 1-17,text,true,,8193,232,20,20,http://localhost:9292/,1065,0,0
1543813514077,1066,HTTP Request-0,302,Found,Users 1-17,text,true,,846,118,20,20,http://localhost:9292/cars,1065,0,0
1543813515143,286,HTTP Request-1,200,OK,Users 1-17,text,true,,7347,114,20,20,http://localhost:9292/,284,0,0
1543813514321,1130,HTTP Request,200,OK,Users 1-9,text,true,,8183,232,20,20,http://localhost:9292/,896,0,0
1543813514321,904,HTTP Request-0,302,Found,Users 1-9,text,true,,842,118,20,20,http://localhost:9292/cars,896,0,0
1543813515225,226,HTTP Request-1,200,OK,Users 1-9,text,true,,7341,114,20,20,http://localhost:9292/,223,0,0
1543813514360,1255,HTTP Request,200,OK,Users 1-19,text,true,,8193,232,20,20,http://localhost:9292/,1018,0,1
1543813514360,1020,HTTP Request-0,302,Found,Users 1-19,text,true,,838,118,20,20,http://localhost:9292/cars,1018,0,1
1543813515381,234,HTTP Request-1,200,OK,Users 1-19,text,true,,7355,114,20,20,http://localhost:9292/,231,0,0
1543813514364,1314,HTTP Request,200,OK,Users 1-8,text,true,,8191,232,20,20,http://localhost:9292/,1072,0,0
1543813514364,1084,HTTP Request-0,302,Found,Users 1-8,text,true,,836,118,20,20,http://localhost:9292/cars,1072,0,0
1543813515448,230,HTTP Request-1,200,OK,Users 1-8,text,true,,7355,114,20,20,http://localhost:9292/,223,0,0
1543813514364,1334,HTTP Request,200,OK,Users 1-10,text,true,,8197,232,20,20,http://localhost:9292/,1031,0,0
1543813514364,1039,HTTP Request-0,302,Found,Users 1-10,text,true,,854,118,20,20,http://localhost:9292/cars,1031,0,0
1543813515403,295,HTTP Request-1,200,OK,Users 1-10,text,true,,7343,114,20,20,http://localhost:9292/,284,0,0
1543813514483,1240,HTTP Request,200,OK,Users 1-1,text,true,,8181,232,20,20,http://localhost:9292/,976,0,0
1543813514483,976,HTTP Request-0,302,Found,Users 1-1,text,true,,838,118,20,20,http://localhost:9292/cars,976,0,0
1543813515459,264,HTTP Request-1,200,OK,Users 1-1,text,true,,7343,114,20,20,http://localhost:9292/,261,0,0
1543813514636,1109,HTTP Request,200,OK,Users 1-4,text,true,,8179,232,19,19,http://localhost:9292/,885,0,0
1543813514636,885,HTTP Request-0,302,Found,Users 1-4,text,true,,830,118,19,19,http://localhost:9292/cars,885,0,0
1543813515521,224,HTTP Request-1,200,OK,Users 1-4,text,true,,7349,114,19,19,http://localhost:9292/,216,0,0
1543813514652,1219,HTTP Request,200,OK,Users 1-12,text,true,,8185,232,19,19,http://localhost:9292/,1012,0,1
1543813514652,1012,HTTP Request-0,302,Found,Users 1-12,text,true,,842,118,19,19,http://localhost:9292/cars,1012,0,1
1543813515664,207,HTTP Request-1,200,OK,Users 1-12,text,true,,7343,114,19,19,http://localhost:9292/,200,0,0
1543813514708,1277,HTTP Request,200,OK,Users 1-11,text,true,,8195,232,19,19,http://localhost:9292/,1007,0,0
1543813514708,1007,HTTP Request-0,302,Found,Users 1-11,text,true,,840,118,19,19,http://localhost:9292/cars,1007,0,0
1543813515715,270,HTTP Request-1,200,OK,Users 1-11,text,true,,7355,114,19,19,http://localhost:9292/,266,0,0
1543813514792,1216,HTTP Request,200,OK,Users 1-5,text,true,,8197,232,19,19,http://localhost:9292/,988,0,1
1543813514792,992,HTTP Request-0,302,Found,Users 1-5,text,true,,844,118,19,19,http://localhost:9292/cars,988,0,1
1543813515784,224,HTTP Request-1,200,OK,Users 1-5,text,true,,7353,114,19,19,http://localhost:9292/,224,0,0
1543813514718,1306,HTTP Request,200,OK,Users 1-2,text,true,,8179,232,19,19,http://localhost:9292/,1025,0,0
1543813514718,1029,HTTP Request-0,302,Found,Users 1-2,text,true,,838,118,19,19,http://localhost:9292/cars,1025,0,0
1543813515747,277,HTTP Request-1,200,OK,Users 1-2,text,true,,7341,114,19,19,http://localhost:9292/,274,0,0
1543813514908,1129,HTTP Request,200,OK,Users 1-13,text,true,,8193,232,18,18,http://localhost:9292/,928,0,0
1543813514908,930,HTTP Request-0,302,Found,Users 1-13,text,true,,842,118,18,18,http://localhost:9292/cars,928,0,0
1543813515839,198,HTTP Request-1,200,OK,Users 1-13,text,true,,7351,114,18,18,http://localhost:9292/,198,0,0
1543813515029,1091,HTTP Request,200,OK,Users 1-14,text,true,,8197,232,18,18,http://localhost:9292/,909,0,1
1543813515029,919,HTTP Request-0,302,Found,Users 1-14,text,true,,850,118,18,18,http://localhost:9292/cars,909,0,1
1543813515949,171,HTTP Request-1,200,OK,Users 1-14,text,true,,7347,114,18,18,http://localhost:9292/,171,0,0
1543813515034,1246,HTTP Request,200,OK,Users 1-7,text,true,,8193,232,18,18,http://localhost:9292/,1003,0,0
1543813515034,1003,HTTP Request-0,302,Found,Users 1-7,text,true,,842,118,18,18,http://localhost:9292/cars,1003,0,0
1543813516037,243,HTTP Request-1,200,OK,Users 1-7,text,true,,7351,114,18,18,http://localhost:9292/,243,0,0
1543813515085,1241,HTTP Request,200,OK,Users 1-6,text,true,,8197,232,18,18,http://localhost:9292/,973,0,1
1543813515097,1229,HTTP Request,200,OK,Users 1-16,text,true,,8189,232,18,18,http://localhost:9292/,965,0,1
1543813515085,977,HTTP Request-0,302,Found,Users 1-6,text,true,,854,118,18,18,http://localhost:9292/cars,973,0,1
1543813515097,970,HTTP Request-0,302,Found,Users 1-16,text,true,,838,118,18,18,http://localhost:9292/cars,965,0,1
1543813516063,263,HTTP Request-1,200,OK,Users 1-6,text,true,,7343,114,18,18,http://localhost:9292/,261,0,0
1543813516067,259,HTTP Request-1,200,OK,Users 1-16,text,true,,7351,114,18,18,http://localhost:9292/,259,0,0
1543813515145,1207,HTTP Request,200,OK,Users 1-15,text,true,,8187,232,18,18,http://localhost:9292/,981,0,0
1543813515145,982,HTTP Request-0,302,Found,Users 1-15,text,true,,832,118,18,18,http://localhost:9292/cars,981,0,0
1543813516127,225,HTTP Request-1,200,OK,Users 1-15,text,true,,7355,114,18,18,http://localhost:9292/,221,0,0
1543813515339,1096,HTTP Request,200,OK,Users 1-20,text,true,,8213,232,18,18,http://localhost:9292/,860,0,0
1543813515339,870,HTTP Request-0,302,Found,Users 1-20,text,true,,854,118,18,18,http://localhost:9292/cars,860,0,0
1543813516209,226,HTTP Request-1,200,OK,Users 1-20,text,true,,7359,114,18,18,http://localhost:9292/,221,0,0
1543813515367,1129,HTTP Request,200,OK,Users 1-3,text,true,,8195,232,18,18,http://localhost:9292/,938,0,1
1543813515367,945,HTTP Request-0,302,Found,Users 1-3,text,true,,844,118,18,18,http://localhost:9292/cars,938,0,1
1543813516313,183,HTTP Request-1,200,OK,Users 1-3,text,true,,7351,114,18,18,http://localhost:9292/,181,0,0
1543813515451,1202,HTTP Request,200,OK,Users 1-9,text,true,,8195,232,17,17,http://localhost:9292/,955,0,1
1543813515451,962,HTTP Request-0,302,Found,Users 1-9,text,true,,842,118,17,17,http://localhost:9292/cars,955,0,1
1543813516413,240,HTTP Request-1,200,OK,Users 1-9,text,true,,7353,114,17,17,http://localhost:9292/,238,0,0
1543813515379,1288,HTTP Request,200,OK,Users 1-18,text,true,,8197,232,17,17,http://localhost:9292/,1015,0,0
1543813515379,1023,HTTP Request-0,302,Found,Users 1-18,text,true,,842,118,17,17,http://localhost:9292/cars,1015,0,0
1543813516402,265,HTTP Request-1,200,OK,Users 1-18,text,true,,7355,114,17,17,http://localhost:9292/,252,0,0
1543813515615,1103,HTTP Request,200,OK,Users 1-19,text,true,,8191,232,17,17,http://localhost:9292/,889,0,1
1543813515615,899,HTTP Request-0,302,Found,Users 1-19,text,true,,844,118,17,17,http://localhost:9292/cars,889,0,1
1543813516514,204,HTTP Request-1,200,OK,Users 1-19,text,true,,7347,114,17,17,http://localhost:9292/,203,0,0
1543813515429,1309,HTTP Request,200,OK,Users 1-17,text,true,,8179,232,17,17,http://localhost:9292/,973,0,1
1543813515429,975,HTTP Request-0,302,Found,Users 1-17,text,true,,832,118,17,17,http://localhost:9292/cars,973,0,1
1543813516404,334,HTTP Request-1,200,OK,Users 1-17,text,true,,7347,114,17,17,http://localhost:9292/,334,0,0
1543813515678,1066,HTTP Request,200,OK,Users 1-8,text,true,,8189,232,17,17,http://localhost:9292/,894,0,1
1543813515678,897,HTTP Request-0,302,Found,Users 1-8,text,true,,834,118,17,17,http://localhost:9292/cars,894,0,1
1543813516576,168,HTTP Request-1,200,OK,Users 1-8,text,true,,7355,114,17,17,http://localhost:9292/,162,0,0
1543813515699,1212,HTTP Request,200,OK,Users 1-10,text,true,,8193,232,17,17,http://localhost:9292/,1015,0,0
1543813515699,1016,HTTP Request-0,302,Found,Users 1-10,text,true,,842,118,17,17,http://localhost:9292/cars,1015,0,0
1543813516715,196,HTTP Request-1,200,OK,Users 1-10,text,true,,7351,114,17,17,http://localhost:9292/,193,0,0
1543813515745,1209,HTTP Request,200,OK,Users 1-4,text,true,,8191,232,17,17,http://localhost:9292/,982,0,1
1543813515745,991,HTTP Request-0,302,Found,Users 1-4,text,true,,838,118,17,17,http://localhost:9292/cars,982,0,1
1543813516736,218,HTTP Request-1,200,OK,Users 1-4,text,true,,7353,114,17,17,http://localhost:9292/,217,0,0
1543813515871,1141,HTTP Request,200,OK,Users 1-12,text,true,,8197,232,16,16,http://localhost:9292/,915,0,1
1543813515871,922,HTTP Request-0,302,Found,Users 1-12,text,true,,844,118,16,16,http://localhost:9292/cars,915,0,1
1543813516793,219,HTTP Request-1,200,OK,Users 1-12,text,true,,7353,114,16,16,http://localhost:9292/,217,0,0
1543813515988,1093,HTTP Request,200,OK,Users 1-11,text,true,,8187,232,16,16,http://localhost:9292/,833,0,1
1543813515988,835,HTTP Request-0,302,Found,Users 1-11,text,true,,838,118,16,16,http://localhost:9292/cars,833,0,1
1543813516823,258,HTTP Request-1,200,OK,Users 1-11,text,true,,7349,114,16,16,http://localhost:9292/,256,0,0
1543813516008,1113,HTTP Request,200,OK,Users 1-5,text,true,,8191,232,16,16,http://localhost:9292/,805,0,1
1543813516008,813,HTTP Request-0,302,Found,Users 1-5,text,true,,844,118,16,16,http://localhost:9292/cars,805,0,1
1543813516821,300,HTTP Request-1,200,OK,Users 1-5,text,true,,7347,114,16,16,http://localhost:9292/,296,0,0
1543813516037,1227,HTTP Request,200,OK,Users 1-13,text,true,,8193,232,15,15,http://localhost:9292/,923,0,0
1543813516037,925,HTTP Request-0,302,Found,Users 1-13,text,true,,844,118,15,15,http://localhost:9292/cars,923,0,0
1543813516962,302,HTTP Request-1,200,OK,Users 1-13,text,true,,7349,114,15,15,http://localhost:9292/,297,0,0
1543813516120,1156,HTTP Request,200,OK,Users 1-14,text,true,,8199,232,15,15,http://localhost:9292/,901,0,1
1543813516120,903,HTTP Request-0,302,Found,Users 1-14,text,true,,838,118,15,15,http://localhost:9292/cars,901,0,1
1543813517023,253,HTTP Request-1,200,OK,Users 1-14,text,true,,7361,114,15,15,http://localhost:9292/,253,0,0
1543813516281,1043,HTTP Request,200,OK,Users 1-7,text,true,,8183,232,15,15,http://localhost:9292/,795,0,0
1543813516281,796,HTTP Request-0,302,Found,Users 1-7,text,true,,836,118,15,15,http://localhost:9292/cars,795,0,0
1543813517077,247,HTTP Request-1,200,OK,Users 1-7,text,true,,7347,114,15,15,http://localhost:9292/,242,0,0
1543813516326,1056,HTTP Request,200,OK,Users 1-6,text,true,,8187,232,14,14,http://localhost:9292/,797,0,1
1543813516326,805,HTTP Request-0,302,Found,Users 1-6,text,true,,840,118,14,14,http://localhost:9292/cars,797,0,1
1543813517131,251,HTTP Request-1,200,OK,Users 1-6,text,true,,7347,114,14,14,http://localhost:9292/,248,0,0
1543813516326,1093,HTTP Request,200,OK,Users 1-16,text,true,,8189,232,13,13,http://localhost:9292/,863,0,1
1543813516326,863,HTTP Request-0,302,Found,Users 1-16,text,true,,840,118,13,13,http://localhost:9292/cars,863,0,1
1543813517189,230,HTTP Request-1,200,OK,Users 1-16,text,true,,7349,114,13,13,http://localhost:9292/,223,0,0
1543813516352,1147,HTTP Request,200,OK,Users 1-15,text,true,,8191,232,13,13,http://localhost:9292/,950,0,1
1543813516352,955,HTTP Request-0,302,Found,Users 1-15,text,true,,842,118,13,13,http://localhost:9292/cars,950,0,1
1543813517307,192,HTTP Request-1,200,OK,Users 1-15,text,true,,7349,114,13,13,http://localhost:9292/,184,0,0
1543813516436,1129,HTTP Request,200,OK,Users 1-20,text,true,,8193,232,13,13,http://localhost:9292/,882,0,0
1543813516436,888,HTTP Request-0,302,Found,Users 1-20,text,true,,844,118,13,13,http://localhost:9292/cars,882,0,0
1543813517324,241,HTTP Request-1,200,OK,Users 1-20,text,true,,7349,114,13,13,http://localhost:9292/,239,0,0
1543813516653,1010,HTTP Request,200,OK,Users 1-9,text,true,,8203,232,13,13,http://localhost:9292/,735,0,1
1543813516653,735,HTTP Request-0,302,Found,Users 1-9,text,true,,844,118,13,13,http://localhost:9292/cars,735,0,1
1543813517388,275,HTTP Request-1,200,OK,Users 1-9,text,true,,7359,114,13,13,http://localhost:9292/,275,0,0
1543813516667,1040,HTTP Request,200,OK,Users 1-18,text,true,,8181,232,12,12,http://localhost:9292/,772,0,1
1543813516667,774,HTTP Request-0,302,Found,Users 1-18,text,true,,834,118,12,12,http://localhost:9292/cars,772,0,1
1543813517441,266,HTTP Request-1,200,OK,Users 1-18,text,true,,7347,114,12,12,http://localhost:9292/,262,0,0
1543813516718,1082,HTTP Request,200,OK,Users 1-19,text,true,,8183,232,12,12,http://localhost:9292/,783,0,0
1543813516718,786,HTTP Request-0,302,Found,Users 1-19,text,true,,836,118,12,12,http://localhost:9292/cars,783,0,0
1543813517505,295,HTTP Request-1,200,OK,Users 1-19,text,true,,7347,114,12,12,http://localhost:9292/,295,0,0
1543813516739,1072,HTTP Request,200,OK,Users 1-17,text,true,,8191,232,12,12,http://localhost:9292/,813,0,0
1543813516739,816,HTTP Request-0,302,Found,Users 1-17,text,true,,836,118,12,12,http://localhost:9292/cars,813,0,0
1543813517555,256,HTTP Request-1,200,OK,Users 1-17,text,true,,7355,114,12,12,http://localhost:9292/,245,0,0
1543813516744,1123,HTTP Request,200,OK,Users 1-8,text,true,,8187,232,12,12,http://localhost:9292/,878,0,0
1543813516744,881,HTTP Request-0,302,Found,Users 1-8,text,true,,838,118,12,12,http://localhost:9292/cars,878,0,0
1543813517626,241,HTTP Request-1,200,OK,Users 1-8,text,true,,7349,114,12,12,http://localhost:9292/,241,0,0
1543813516911,1027,HTTP Request,200,OK,Users 1-10,text,true,,8193,232,11,11,http://localhost:9292/,795,0,1
1543813516911,797,HTTP Request-0,302,Found,Users 1-10,text,true,,844,118,11,11,http://localhost:9292/cars,795,0,1
1543813517708,230,HTTP Request-1,200,OK,Users 1-10,text,true,,7349,114,11,11,http://localhost:9292/,226,0,0
1543813517013,931,HTTP Request,200,OK,Users 1-12,text,true,,8189,232,10,10,http://localhost:9292/,736,0,0
1543813517013,738,HTTP Request-0,302,Found,Users 1-12,text,true,,840,118,10,10,http://localhost:9292/cars,736,0,0
1543813517751,193,HTTP Request-1,200,OK,Users 1-12,text,true,,7349,114,10,10,http://localhost:9292/,192,0,0
1543813517081,1017,HTTP Request,200,OK,Users 1-11,text,true,,8185,232,9,9,http://localhost:9292/,777,0,1
1543813517081,784,HTTP Request-0,302,Found,Users 1-11,text,true,,840,118,9,9,http://localhost:9292/cars,777,0,1
1543813517865,233,HTTP Request-1,200,OK,Users 1-11,text,true,,7345,114,9,9,http://localhost:9292/,227,0,0
1543813517264,837,HTTP Request,200,OK,Users 1-13,text,true,,8197,232,8,8,http://localhost:9292/,613,0,0
1543813517264,616,HTTP Request-0,302,Found,Users 1-13,text,true,,852,118,8,8,http://localhost:9292/cars,613,0,0
1543813517880,221,HTTP Request-1,200,OK,Users 1-13,text,true,,7345,114,8,8,http://localhost:9292/,220,0,0
1543813517276,959,HTTP Request,200,OK,Users 1-14,text,true,,8187,232,7,7,http://localhost:9292/,655,0,1
1543813517276,668,HTTP Request-0,302,Found,Users 1-14,text,true,,836,118,7,7,http://localhost:9292/cars,655,0,1
1543813517944,291,HTTP Request-1,200,OK,Users 1-14,text,true,,7351,114,7,7,http://localhost:9292/,281,0,0
1543813517500,737,HTTP Request,200,OK,Users 1-15,text,true,,8199,232,6,6,http://localhost:9292/,527,0,0
1543813517500,531,HTTP Request-0,302,Found,Users 1-15,text,true,,842,118,6,6,http://localhost:9292/cars,527,0,0
1543813518031,206,HTTP Request-1,200,OK,Users 1-15,text,true,,7357,114,6,6,http://localhost:9292/,205,0,0
1543813517420,835,HTTP Request,200,OK,Users 1-16,text,true,,8183,232,5,5,http://localhost:9292/,596,0,0
1543813517420,599,HTTP Request-0,302,Found,Users 1-16,text,true,,832,118,5,5,http://localhost:9292/cars,596,0,0
1543813518019,236,HTTP Request-1,200,OK,Users 1-16,text,true,,7351,114,5,5,http://localhost:9292/,230,0,0
1543813517708,641,HTTP Request,200,OK,Users 1-18,text,true,,8187,232,4,4,http://localhost:9292/,446,0,0
1543813517708,447,HTTP Request-0,302,Found,Users 1-18,text,true,,838,118,4,4,http://localhost:9292/cars,446,0,0
1543813518155,194,HTTP Request-1,200,OK,Users 1-18,text,true,,7349,114,4,4,http://localhost:9292/,193,0,0
1543813517565,794,HTTP Request,200,OK,Users 1-20,text,true,,8183,232,3,3,http://localhost:9292/,586,0,1
1543813517565,590,HTTP Request-0,302,Found,Users 1-20,text,true,,838,118,3,3,http://localhost:9292/cars,586,0,1
1543813518155,204,HTTP Request-1,200,OK,Users 1-20,text,true,,7345,114,3,3,http://localhost:9292/,201,0,0
1543813517812,657,HTTP Request,200,OK,Users 1-17,text,true,,8193,232,3,3,http://localhost:9292/,484,0,0
1543813517812,485,HTTP Request-0,302,Found,Users 1-17,text,true,,844,118,3,3,http://localhost:9292/cars,484,0,0
1543813518297,172,HTTP Request-1,200,OK,Users 1-17,text,true,,7349,114,3,3,http://localhost:9292/,160,0,0
1543813517800,670,HTTP Request,200,OK,Users 1-19,text,true,,8201,232,2,2,http://localhost:9292/,490,0,1
1543813517800,496,HTTP Request-0,302,Found,Users 1-19,text,true,,846,118,2,2,http://localhost:9292/cars,490,0,1
1543813518296,174,HTTP Request-1,200,OK,Users 1-19,text,true,,7355,114,2,2,http://localhost:9292/,173,0,0
1543813518359,150,HTTP Request,200,OK,Users 1-20,text,true,,8189,232,1,1,http://localhost:9292/,31,0,0
1543813518359,31,HTTP Request-0,302,Found,Users 1-20,text,true,,846,118,1,1,http://localhost:9292/cars,31,0,0
1543813518391,118,HTTP Request-1,200,OK,Users 1-20,text,true,,7343,114,1,1,http://localhost:9292/,118,0,0
